행정구역명,법정동코드,terrain,행정구역위도,행정구역경도,기상지역명,기상지역유형,기상지역위도,기상지역경도,EPW파일명
서울특별시 종로구,1111000000,Suburbs,37.59491848,126.9773205,국립중앙박물관,일반 지역,37.522,126.979,KOR_SO_Seoul.WS.471080_TMYx.2009-2023.epw
서울특별시 중구,1114000000,Suburbs,37.56012996,126.9959156,국립중앙박물관,일반 지역,37.522,126.979,KOR_SO_Seoul.WS.471080_TMYx.2009-2023.epw
서울특별시 용산구,1117000000,Suburbs,37.53136485,126.9799115,국립중앙박물관,일반 지역,37.522,126.979,KOR_SO_Seoul.WS.471080_TMYx.2009-2023.epw
서울특별시 성동구,1120000000,Suburbs,37.55102768,127.041052,국립중앙박물관,일반 지역,37.522,126.979,KOR_SO_Seoul.WS.471080_TMYx.2009-2023.epw
서울특별시 광진구,1121500000,Suburbs,37.54671889,127.085746,서울 성남 공항,AP,37.446,127.114,KOR_KG_Seoul-Seongnam.AP.471110_TMYx.2009-2023.epw
서울특별시 동대문구,1123000000,Suburbs,37.58201015,127.054874,국립중앙박물관,일반 지역,37.522,126.979,KOR_SO_Seoul.WS.471080_TMYx.2009-2023.epw
서울특별시 중랑구,1126000000,Suburbs,37.59781888,127.0928852,H-207 헬기장,일반 지역,37.719,127.099,KOR_KG_H-207.Heli.471064_TMYx.2007-2021.epw
서울특별시 성북구,1129000000,Suburbs,37.60570205,127.0175145,국립중앙박물관,일반 지역,37.522,126.979,KOR_SO_Seoul.WS.471080_TMYx.2009-2023.epw
서울특별시 강북구,1130500000,Suburbs,37.64346741,127.0111936,국립중앙박물관,일반 지역,37.522,126.979,KOR_SO_Seoul.WS.471080_TMYx.2009-2023.epw
서울특별시 도봉구,1132000000,Suburbs,37.66910587,127.0323761,H-207 헬기장,일반 지역,37.719,127.099,KOR_KG_H-207.Heli.471064_TMYx.2007-2021.epw
서울특별시 노원구,1135000000,Suburbs,37.65251187,127.0750489,H-207 헬기장,일반 지역,37.719,127.099,KOR_KG_H-207.Heli.471064_TMYx.2007-2021.epw
서울특별시 은평구,1138000000,Suburbs,37.61921343,126.9270276,국립중앙박물관,일반 지역,37.522,126.979,KOR_SO_Seoul.WS.471080_TMYx.2009-2023.epw
서울특별시 서대문구,1141000000,Suburbs,37.57779069,126.9390645,국립중앙박물관,일반 지역,37.522,126.979,KOR_SO_Seoul.WS.471080_TMYx.2009-2023.epw
서울특별시 마포구,1144000000,Suburbs,37.55931623,126.9082585,국립중앙박물관,일반 지역,37.522,126.979,KOR_SO_Seoul.WS.471080_TMYx.2009-2023.epw
서울특별시 양천구,1147000000,Suburbs,37.52474046,126.855371,김포 국제공항,AP,37.558,126.791,KOR_IN_Gimpo.Intl.AP.471100_TMYx.2009-2023.epw
서울특별시 강서구,1150000000,Suburbs,37.56123485,126.8228112,김포 국제공항,AP,37.558,126.791,KOR_IN_Gimpo.Intl.AP.471100_TMYx.2009-2023.epw
서울특별시 구로구,1153000000,Suburbs,37.49440449,126.8563199,김포 국제공항,AP,37.558,126.791,KOR_IN_Gimpo.Intl.AP.471100_TMYx.2009-2023.epw
서울특별시 금천구,1154500000,Suburbs,37.46057342,126.9008231,국립중앙박물관,일반 지역,37.522,126.979,KOR_SO_Seoul.WS.471080_TMYx.2009-2023.epw
서울특별시 영등포구,1156000000,Suburbs,37.5223135,126.9101818,국립중앙박물관,일반 지역,37.522,126.979,KOR_SO_Seoul.WS.471080_TMYx.2009-2023.epw
서울특별시 동작구,1159000000,Suburbs,37.49888591,126.9516674,국립중앙박물관,일반 지역,37.522,126.979,KOR_SO_Seoul.WS.471080_TMYx.2009-2023.epw
서울특별시 관악구,1162000000,Suburbs,37.46738852,126.9453328,국립중앙박물관,일반 지역,37.522,126.979,KOR_SO_Seoul.WS.471080_TMYx.2009-2023.epw
서울특별시 서초구,1165000000,Suburbs,37.47329624,127.031236,서울 성남 공항,AP,37.446,127.114,KOR_KG_Seoul-Seongnam.AP.471110_TMYx.2009-2023.epw
서울특별시 강남구,1168000000,Suburbs,37.49666019,127.0629713,서울 성남 공항,AP,37.446,127.114,KOR_KG_Seoul-Seongnam.AP.471110_TMYx.2009-2023.epw
서울특별시 송파구,1171000000,Suburbs,37.50561639,127.1152915,서울 성남 공항,AP,37.446,127.114,KOR_KG_Seoul-Seongnam.AP.471110_TMYx.2009-2023.epw
서울특별시 강동구,1174000000,Suburbs,37.55045143,127.1470149,서울 성남 공항,AP,37.446,127.114,KOR_KG_Seoul-Seongnam.AP.471110_TMYx.2009-2023.epw
부산광역시 중구,2611000000,Suburbs,35.10535926,129.0320712,부산 대청동 기상대,WS,35.1047,129.0319,KOR_PU_Busan-Daecheongdong.WS.471590_TMYx.2009-2023.epw
부산광역시 서구,2614000000,Suburbs,35.10268924,129.0149506,부산 대청동 기상대,WS,35.1047,129.0319,KOR_PU_Busan-Daecheongdong.WS.471590_TMYx.2009-2023.epw
부산광역시 동구,2617000000,Suburbs,35.12823863,129.0448265,부산 대청동 기상대,WS,35.1047,129.0319,KOR_PU_Busan-Daecheongdong.WS.471590_TMYx.2009-2023.epw
부산광역시 영도구,2620000000,Suburbs,35.07864677,129.0649276,부산 대청동 기상대,WS,35.1047,129.0319,KOR_PU_Busan-Daecheongdong.WS.471590_TMYx.2009-2023.epw
부산광역시 부산진구,2623000000,Suburbs,35.165294,129.0430314,부산 대청동 기상대,WS,35.1047,129.0319,KOR_PU_Busan-Daecheongdong.WS.471590_TMYx.2009-2023.epw
부산광역시 동래구,2626000000,Suburbs,35.20621135,129.0791676,부산 대청동 기상대,WS,35.1047,129.0319,KOR_PU_Busan-Daecheongdong.WS.471590_TMYx.2009-2023.epw
부산광역시 남구,2629000000,Suburbs,35.12538442,129.0943814,부산 대청동 기상대,WS,35.1047,129.0319,KOR_PU_Busan-Daecheongdong.WS.471590_TMYx.2009-2023.epw
부산광역시 북구,2632000000,Suburbs,35.22928831,129.0234594,부산 김해 국제공항,AP,35.18,128.938,KOR_PU_Busan-Gimhae.Intl.AP.471530_TMYx.2009-2023.epw
부산광역시 해운대구,2635000000,Suburbs,35.19362573,129.1536601,부산 대청동 기상대,WS,35.1047,129.0319,KOR_PU_Busan-Daecheongdong.WS.471590_TMYx.2009-2023.epw
부산광역시 사하구,2638000000,Suburbs,35.08594349,128.9704182,부산 대청동 기상대,WS,35.1047,129.0319,KOR_PU_Busan-Daecheongdong.WS.471590_TMYx.2009-2023.epw
부산광역시 금정구,2641000000,Suburbs,35.25889141,129.0915337,부산 대청동 기상대,WS,35.1047,129.0319,KOR_PU_Busan-Daecheongdong.WS.471590_TMYx.2009-2023.epw
부산광역시 강서구,2644000000,Suburbs,35.13648683,128.8910218,부산 김해 국제공항,AP,35.18,128.938,KOR_PU_Busan-Gimhae.Intl.AP.471530_TMYx.2009-2023.epw
부산광역시 연제구,2647000000,Suburbs,35.18238956,129.0829816,부산 대청동 기상대,WS,35.1047,129.0319,KOR_PU_Busan-Daecheongdong.WS.471590_TMYx.2009-2023.epw
부산광역시 수영구,2650000000,Suburbs,35.16123344,129.1113494,부산 대청동 기상대,WS,35.1047,129.0319,KOR_PU_Busan-Daecheongdong.WS.471590_TMYx.2009-2023.epw
부산광역시 사상구,2653000000,Suburbs,35.15803641,128.9865887,부산 김해 국제공항,AP,35.18,128.938,KOR_PU_Busan-Gimhae.Intl.AP.471530_TMYx.2009-2023.epw
부산광역시 기장군,2671000000,Suburbs,35.29784648,129.2011147,부산 대청동 기상대,WS,35.1047,129.0319,KOR_PU_Busan-Daecheongdong.WS.471590_TMYx.2009-2023.epw
대구광역시 중구,2711000000,Suburbs,35.86649267,128.5935454,대구,일반 지역,35.8283,128.6522,KOR_TG_Daegu.471430_TMYx.2009-2023.epw
대구광역시 동구,2714000000,Suburbs,35.93447653,128.685608,대구,일반 지역,35.8283,128.6522,KOR_TG_Daegu.471430_TMYx.2009-2023.epw
대구광역시 서구,2717000000,Suburbs,35.8751068,128.5496442,대구,일반 지역,35.8283,128.6522,KOR_TG_Daegu.471430_TMYx.2009-2023.epw
대구광역시 남구,2720000000,Suburbs,35.83509388,128.5853133,대구,일반 지역,35.8283,128.6522,KOR_TG_Daegu.471430_TMYx.2009-2023.epw
대구광역시 북구,2723000000,Suburbs,35.92881398,128.5773316,대구,일반 지역,35.8283,128.6522,KOR_TG_Daegu.471430_TMYx.2009-2023.epw
대구광역시 수성구,2726000000,Suburbs,35.83378493,128.6612229,대구,일반 지역,35.8283,128.6522,KOR_TG_Daegu.471430_TMYx.2009-2023.epw
대구광역시 달서구,2729000000,Suburbs,35.82768146,128.5289462,대구,일반 지역,35.8283,128.6522,KOR_TG_Daegu.471430_TMYx.2009-2023.epw
대구광역시 달성군,2771000000,Suburbs,35.7596015,128.4982818,대구,일반 지역,35.8283,128.6522,KOR_TG_Daegu.471430_TMYx.2009-2023.epw
대구광역시 군위군,2772000000,Suburbs,36.17011724,128.6481186,구미,일반 지역,36.1306,128.3206,KOR_KB_Gumi.471540_TMYx.2009-2023.epw
인천광역시 중구,2811000000,Suburbs,37.47052873,126.4840543,인천 기상대,WS,37.4778,126.625,KOR_IN_Incheon.WS.471120_TMYx.2009-2023.epw
인천광역시 동구,2814000000,Suburbs,37.48327464,126.6393799,인천 기상대,WS,37.4778,126.625,KOR_IN_Incheon.WS.471120_TMYx.2009-2023.epw
인천광역시 연수구,2818500000,Suburbs,37.39154268,126.6487962,인천 기상대,WS,37.4778,126.625,KOR_IN_Incheon.WS.471120_TMYx.2009-2023.epw
인천광역시 남동구,2820000000,Suburbs,37.43091754,126.7264644,인천 기상대,WS,37.4778,126.625,KOR_IN_Incheon.WS.471120_TMYx.2009-2023.epw
인천광역시 부평구,2823700000,Suburbs,37.49664249,126.721208,김포 국제공항,AP,37.558,126.791,KOR_IN_Incheon.WS.471120_TMYx.2009-2023.epw
인천광역시 계양구,2824500000,Suburbs,37.55729917,126.7347003,김포 국제공항,AP,37.558,126.791,KOR_IN_Incheon.WS.471120_TMYx.2009-2023.epw
인천광역시 서구,2826000000,Suburbs,37.55966973,126.651818,인천 기상대,WS,37.4778,126.625,KOR_IN_Incheon.WS.471120_TMYx.2009-2023.epw
인천광역시 미추홀구,2817700000,Suburbs,37.45260955,126.6645649,인천 기상대,WS,37.4778,126.625,KOR_IN_Incheon.WS.471120_TMYx.2009-2023.epw
인천광역시 강화군,2871000000,Suburbs,37.71251555,126.402245,별립산,일반 지역,37.783,126.367,KOR_IN_Pyoripsan.471084_TMYx.2009-2023.epw
인천광역시 옹진군,2872000000,Suburbs,37.52184692,125.6704397,백아도 기상대,Met.Stn,37.0223,125.9987,KOR_HN_Paekado.Met.Stn.471085_TMYx.2009-2023.epw
광주광역시 동구,2911000000,Suburbs,35.11739363,126.9494439,광주,일반 지역,35.1731,126.8917,KOR_KJ_Gwangju.471560_TMYx.2009-2023.epw
광주광역시 서구,2914000000,Suburbs,35.13570982,126.850681,광주,일반 지역,35.1731,126.8917,KOR_KJ_Gwangju.471560_TMYx.2009-2023.epw
광주광역시 남구,2915500000,Suburbs,35.09407935,126.8567807,광주,일반 지역,35.1731,126.8917,KOR_KJ_Gwangju.471560_TMYx.2009-2023.epw
광주광역시 북구,2917000000,Suburbs,35.19324112,126.9254612,광주,일반 지역,35.1731,126.8917,KOR_KJ_Gwangju.471560_TMYx.2009-2023.epw
광주광역시 광산구,2920000000,Suburbs,35.1650367,126.7528888,광주,일반 지역,35.1731,126.8917,KOR_KJ_Gwangju.471560_TMYx.2009-2023.epw
대전광역시 동구,3011000000,Suburbs,36.32395689,127.475058,대전 기상대,WS,36.3719,127.3722,KOR_TJ_Daejeon.WS.471330_TMYx.2009-2023.epw
대전광역시 중구,3014000000,Suburbs,36.28081325,127.411101,대전 기상대,WS,36.3719,127.3722,KOR_TJ_Daejeon.WS.471330_TMYx.2009-2023.epw
대전광역시 서구,3017000000,Suburbs,36.28031653,127.3451784,대전 기상대,WS,36.3719,127.3722,KOR_TJ_Daejeon.WS.471330_TMYx.2009-2023.epw
대전광역시 유성구,3020000000,Suburbs,36.37679669,127.3332738,대전 기상대,WS,36.3719,127.3722,KOR_TJ_Daejeon.WS.471330_TMYx.2009-2023.epw
대전광역시 대덕구,3023000000,Suburbs,36.41227074,127.4401412,대전 기상대,WS,36.3719,127.3722,KOR_TJ_Daejeon.WS.471330_TMYx.2009-2023.epw
울산광역시 중구,3111000000,Suburbs,35.57105445,129.3082453,울산,일반 지역,35.593,129.352,KOR_UL_Ulsan.471520_TMYx.2009-2023.epw
울산광역시 남구,3114000000,Suburbs,35.51478389,129.3298802,울산,일반 지역,35.593,129.352,KOR_UL_Ulsan.471520_TMYx.2009-2023.epw
울산광역시 동구,3117000000,Suburbs,35.52527905,129.4262766,울산,일반 지역,35.593,129.352,KOR_UL_Ulsan.471520_TMYx.2009-2023.epw
울산광역시 북구,3120000000,Suburbs,35.61003499,129.3800189,울산,일반 지역,35.593,129.352,KOR_UL_Ulsan.471520_TMYx.2009-2023.epw
울산광역시 울주군,3171000000,Suburbs,35.54603265,129.1876987,울산,일반 지역,35.593,129.352,KOR_UL_Ulsan.471520_TMYx.2009-2023.epw
세종특별자치시 세종시,3611000000,Suburbs,36.56073555,127.2587154,공주,일반 지역,36.5,127.2,KOR_HN_Gongju.692214_TMYx.2009-2023.epw
경기도 수원시 장안구,4111100000,Suburbs,37.31397099,127.0034464,수원 기상대,WS,37.2722,126.9853,KOR_KG_Suwon.WS.471190_TMYx.2009-2023.epw
경기도 수원시 권선구,4111300000,Suburbs,37.26052599,126.9797499,수원 기상대,WS,37.2722,126.9853,KOR_KG_Suwon.WS.471190_TMYx.2009-2023.epw
경기도 수원시 팔달구,4111500000,Suburbs,37.27745944,127.0162458,수원 기상대,WS,37.2722,126.9853,KOR_KG_Suwon.WS.471190_TMYx.2009-2023.epw
경기도 수원시 영통구,4111700000,Suburbs,37.27503118,127.056723,수원 공항,AP,37.239,127.007,KOR_KG_Suwon.AP.471200_TMYx.2009-2023.epw
경기도 성남시 수정구,4113100000,Suburbs,37.43526627,127.1042137,서울 성남 공항,AP,37.446,127.114,KOR_KG_Seoul-Seongnam.AP.471110_TMYx.2009-2023.epw
경기도 성남시 중원구,4113300000,Suburbs,37.4334298,127.1638991,서울 성남 공항,AP,37.446,127.114,KOR_KG_Seoul-Seongnam.AP.471110_TMYx.2009-2023.epw
경기도 성남시 분당구,4113500000,Suburbs,37.37933363,127.106021,서울 성남 공항,AP,37.446,127.114,KOR_KG_Seoul-Seongnam.AP.471110_TMYx.2009-2023.epw
경기도 의정부시,4115000000,Suburbs,37.73619267,127.0684298,H-207 헬기장,일반 지역,37.719,127.099,KOR_KG_H-207.Heli.471064_TMYx.2007-2021.epw
경기도 안양시 만안구,4117100000,Suburbs,37.404127,126.9113813,수원 기상대,WS,37.2722,126.9853,KOR_KG_Suwon.WS.471190_TMYx.2009-2023.epw
경기도 안양시 동안구,4117300000,Suburbs,37.40039979,126.9554235,수원 기상대,WS,37.2722,126.9853,KOR_KG_Suwon.WS.471190_TMYx.2009-2023.epw
경기도 부천시 원미구,4119200000,Suburbs,37.49981349,126.7789833,김포 국제공항,AP,37.558,126.791,KOR_IN_Gimpo.Intl.AP.471100_TMYx.2009-2023.epw
경기도 부천시 소사구,4119400000,Suburbs,37.47495025,126.7967775,김포 국제공항,AP,37.558,126.791,KOR_IN_Gimpo.Intl.AP.471100_TMYx.2009-2023.epw
경기도 부천시 오정구,4119600000,Suburbs,37.52762153,126.7934226,김포 국제공항,AP,37.558,126.791,KOR_IN_Gimpo.Intl.AP.471100_TMYx.2009-2023.epw
경기도 광명시,4121000000,Suburbs,37.44516579,126.8647,김포 국제공항,AP,37.558,126.791,KOR_IN_Gimpo.Intl.AP.471100_TMYx.2009-2023.epw
경기도 평택시,4122000000,Suburbs,37.01530702,126.9931775,평택 공항,AP,36.967,127.033,KOR_KG_Pyeongtaek.AP.471270_TMYx.2009-2023.epw
경기도 동두천시,4125000000,Suburbs,37.91654234,127.0779023,동두천,일반 지역,37.902,127.0608,KOR_KG_Dongducheon.470980_TMYx.2009-2023.epw
경기도 안산시 상록구,4127100000,Suburbs,37.31568571,126.8705697,수원 기상대,WS,37.2722,126.9853,KOR_KG_Suwon.WS.471190_TMYx.2009-2023.epw
경기도 안산시 단원구,4127300000,Suburbs,37.27785757,126.6834022,인천 기상대,WS,37.4778,126.625,KOR_IN_Incheon.WS.471120_TMYx.2009-2023.epw
경기도 고양시 덕양구,4128100000,Suburbs,37.65582031,126.878657,국립중앙박물관,일반 지역,37.522,126.979,KOR_SO_Seoul.WS.471080_TMYx.2009-2023.epw
경기도 고양시 일산동구,4128500000,Suburbs,37.67979035,126.7973645,김포 국제공항,AP,37.558,126.791,KOR_IN_Gimpo.Intl.AP.471100_TMYx.2009-2023.epw
경기도 고양시 일산서구,4128700000,Suburbs,37.68032513,126.7278596,김포 국제공항,AP,37.558,126.791,KOR_IN_Gimpo.Intl.AP.471100_TMYx.2009-2023.epw
경기도 과천시,4129000000,Suburbs,37.43384522,127.002679,서울 성남 공항,AP,37.446,127.114,KOR_KG_Seoul-Seongnam.AP.471110_TMYx.2009-2023.epw
경기도 구리시,4131000000,Suburbs,37.59919954,127.131217,H-207 헬기장,일반 지역,37.719,127.099,KOR_KG_H-207.Heli.471064_TMYx.2007-2021.epw
경기도 남양주시,4136000000,Suburbs,37.66255514,127.2436392,양수리,일반 지역,37.6,127.35,KOR_KG_Yangsu.Ri.693594_TMYx.2009-2023.epw
경기도 오산시,4137000000,Suburbs,37.16329326,127.0513238,오산 공군기지,AB,37.091,127.03,KOR_KG_Osan.AB.471220_TMYx.2009-2023.epw
경기도 시흥시,4139000000,Suburbs,37.38607857,126.7835841,김포 국제공항,AP,37.558,126.791,KOR_IN_Gimpo.Intl.AP.471100_TMYx.2009-2023.epw
경기도 군포시,4141000000,Suburbs,37.34347499,126.9210814,수원 기상대,WS,37.2722,126.9853,KOR_KG_Suwon.WS.471190_TMYx.2009-2023.epw
경기도 의왕시,4143000000,Suburbs,37.36238956,126.9896228,수원 기상대,WS,37.2722,126.9853,KOR_KG_Suwon.WS.471190_TMYx.2009-2023.epw
경기도 하남시,4145000000,Suburbs,37.52282055,127.2059439,서울 성남 공항,AP,37.446,127.114,KOR_KG_Seoul-Seongnam.AP.471110_TMYx.2009-2023.epw
경기도 용인시 처인구,4146100000,Suburbs,37.20336949,127.2529054,매산리,일반 지역,37.35,127.267,KOR_KG_Maesanri.471205_TMYx.2009-2023.epw
경기도 용인시 기흥구,4146300000,Suburbs,37.26742541,127.1213466,수원 공항,AP,37.239,127.007,KOR_KG_Suwon.AP.471200_TMYx.2009-2023.epw
경기도 용인시 수지구,4146500000,Suburbs,37.33343944,127.0715658,수원 기상대,WS,37.2722,126.9853,KOR_KG_Suwon.WS.471190_TMYx.2009-2023.epw
경기도 파주시,4148000000,Suburbs,37.85557043,126.8095137,파주,일반 지역,37.8858,126.7664,KOR_KG_Paju.470990_TMYx.2009-2023.epw
경기도 이천시,4150000000,Suburbs,37.209832,127.4809299,이천,일반 지역,37.2639,127.4842,KOR_KG_Icheon.470970_TMYx.2009-2023.epw
경기도 안성시,4155000000,Suburbs,37.03502512,127.3027602,천안,일반 지역,36.7625,127.2928,KOR_HN_Cheonan.471450_TMYx.2009-2023.epw
경기도 김포시,4157000000,Suburbs,37.68084475,126.6257845,인천 기상대,WS,37.4778,126.625,KOR_IN_Incheon.WS.471120_TMYx.2009-2023.epw
경기도 화성시,4159000000,Suburbs,37.16979674,126.8569113,수원 기상대,WS,37.2722,126.9853,KOR_KG_Suwon.WS.471190_TMYx.2009-2023.epw
경기도 광주시,4161000000,Suburbs,37.40311998,127.3011721,매산리,일반 지역,37.35,127.267,KOR_KG_Maesanri.471205_TMYx.2009-2023.epw
경기도 양주시,4163000000,Suburbs,37.80869941,127.0011584,광적,일반 지역,37.817,126.983,KOR_KG_Gwangjeok.693604_TMYx.2009-2023.epw
경기도 포천시,4165000000,Suburbs,37.96989249,127.2504237,철원,일반 지역,38.1478,127.3042,KOR_KW_Cheorwon.470950_TMYx.2009-2023.epw
경기도 여주시,4167000000,Suburbs,37.30250765,127.6156706,여주 사격장,일반 지역,37.4334,127.6295,KOR_KG_Yeoju.Range.471315_TMYx.2009-2023.epw
경기도 연천군,4180000000,Suburbs,38.09708738,127.0238912,동두천,일반 지역,37.902,127.0608,KOR_KG_Dongducheon.470980_TMYx.2009-2023.epw
경기도 가평군,4182000000,Suburbs,37.81856667,127.450192,가평,일반 지역,37.8306,127.5055,KOR_KG_Gapyeong.692114_TMYx.2009-2023.epw
경기도 양평군,4183000000,Suburbs,37.51803657,127.5791946,여주 사격장,일반 지역,37.4334,127.6295,KOR_KG_Yeoju.Range.471315_TMYx.2009-2023.epw
강원특별자치도 춘천시,5111000000,Suburbs,37.88984999,127.7399545,철원,일반 지역,38.1478,127.3042,KOR_KW_Chuncheon.471010_TMYx.2009-2023.epw
강원특별자치도 원주시,5113000000,Suburbs,37.30825699,127.9295363,원주 기상대,WS,37.3375,127.9467,KOR_KW_Wonju.WS.471140_TMYx.2009-2023.epw
강원특별자치도 강릉시,5115000000,Suburbs,37.70930415,128.8324849,강릉,일반 지역,37.7514,128.8911,KOR_KW_Gangneung.471050_TMYx.2009-2023.epw
강원특별자치도 동해시,5117000000,Suburbs,37.50690447,129.0558412,동해 레이더,일반 지역,37.5069,129.1244,KOR_KW_Donghae.Radar.471060_TMYx.2009-2023.epw
강원특별자치도 태백시,5119000000,Suburbs,37.17236675,128.9800568,태백 도립공원,일반 지역,37.1212,128.9079,KOR_KW_Taebaek.Provincial.Park.471223_TMYx.2009-2023.epw
강원특별자치도 속초시,5121000000,Suburbs,38.17611044,128.5198085,속초,일반 지역,38.2508,128.5647,KOR_KW_Sokcho.470900_TMYx.2009-2023.epw
강원특별자치도 삼척시,5123000000,Suburbs,37.27751001,129.1221641,동해 레이더,일반 지역,37.5069,129.1244,KOR_KW_Donghae.Radar.471060_TMYx.2009-2023.epw
강원특별자치도 홍천군,5172000000,Suburbs,37.74486665,128.074507,홍천,일반 지역,37.683,127.883,KOR_KW_Hongchon.693624_TMYx.2009-2023.epw
강원특별자치도 횡성군,5173000000,Suburbs,37.5089858,128.0771216,원주 기상대,WS,37.3375,127.9467,KOR_KW_Wonju.WS.471140_TMYx.2009-2023.epw
강원특별자치도 영월군,5175000000,Suburbs,37.20394361,128.5002373,영월 기상대,WS,37.1814,128.4575,KOR_KW_Yeongwol.WS.471210_TMYx.2009-2023.epw
강원특별자치도 평창군,5176000000,Suburbs,37.55699107,128.4827677,대관령,일반 지역,37.6772,128.7183,KOR_KW_Daegwallyeong.471000_TMYx.2009-2023.epw
강원특별자치도 정선군,5177000000,Suburbs,37.37878554,128.7390663,대관령,일반 지역,37.6772,128.7183,KOR_KW_Daegwallyeong.471000_TMYx.2009-2023.epw
강원특별자치도 철원군,5178000000,Suburbs,38.24379311,127.4135379,김화,일반 지역,38.25,127.417,KOR_KW_Gimhwa.692174_TMYx.2009-2023.epw
강원특별자치도 화천군,5179000000,Suburbs,38.13843324,127.6852023,대성산,일반 지역,38.2,127.55,KOR_KW_Taesong.San.471025_TMYx.2007-2021.epw
강원특별자치도 양구군,5180000000,Suburbs,38.17812046,128.0012555,양구,일반 지역,38.117,128.033,KOR_KW_Yanggu.692094_TMYx.2009-2023.epw
강원특별자치도 인제군,5181000000,Suburbs,38.06900141,128.2633039,인제 신남리,일반 지역,37.967,128.083,KOR_KW_Inje-Sinnam-ri.692084_TMYx.2009-2023.epw
강원특별자치도 고성군,5182000000,Suburbs,38.37738329,128.3999153,거진,일반 지역,38.45,128.45,KOR_KW_Geojin.470800_TMYx.2009-2023.epw
강원특별자치도 양양군,5183000000,Suburbs,38.00464294,128.5953646,양양 국제공항,AP,38.061,128.669,KOR_KW_Yangyang.Intl.AP.470920_TMYx.2009-2023.epw
충청북도 충주시,4313000000,Suburbs,37.01523807,127.8955588,중원 공군기지,AB,37.0167,127.8833,KOR_HB_Jungwon.AB.471250_TMYx.2009-2023.epw
충청북도 제천시,4315000000,Suburbs,37.06007073,128.140906,중원 공군기지,AB,37.0167,127.8833,KOR_HB_Jungwon.AB.471250_TMYx.2009-2023.epw
충청북도 청주시 상당구,4311100000,Suburbs,36.59215305,127.5849706,청주 국제공항,AP,36.7167,127.5,KOR_HB_Cheongju.Intl.AP.471280_TMYx.2009-2023.epw
충청북도 청주시 서원구,4311200000,Suburbs,36.54759365,127.4385372,청주 기상대,WS,36.6392,127.4406,KOR_HB_Cheongju.WS.471310_TMYx.2009-2023.epw
충청북도 청주시 흥덕구,4311300000,Suburbs,36.64698251,127.3692269,청주 기상대,WS,36.6392,127.4406,KOR_HB_Cheongju.WS.471310_TMYx.2009-2023.epw
충청북도 청주시 청원구,4311400000,Suburbs,36.72057442,127.4913153,청주 국제공항,AP,36.7167,127.5,KOR_HB_Cheongju.Intl.AP.471280_TMYx.2009-2023.epw
충청북도 보은군,4372000000,Suburbs,36.48995349,127.729329,청주 국제공항,AP,36.7167,127.5,KOR_HB_Cheongju.Intl.AP.471280_TMYx.2009-2023.epw
충청북도 옥천군,4373000000,Suburbs,36.32045724,127.6565891,금산,일반 지역,36.1052,127.4828,KOR_HN_Geumsan.692244_TMYx.2009-2023.epw
충청북도 영동군,4374000000,Suburbs,36.15967331,127.814267,추풍령,일반 지역,36.2203,127.9944,KOR_HB_Chupungnyeong.471350_TMYx.2009-2023.epw
충청북도 진천군,4375000000,Suburbs,36.87102056,127.440435,청주 국제공항,AP,36.7167,127.5,KOR_HB_Cheongju.Intl.AP.471280_TMYx.2009-2023.epw
충청북도 괴산군,4376000000,Suburbs,36.76971576,127.8295694,중원 공군기지,AB,37.0167,127.8833,KOR_HB_Jungwon.AB.471250_TMYx.2009-2023.epw
충청북도 음성군,4377000000,Suburbs,36.97625912,127.6141845,부론,일반 지역,37.2,127.75,KOR_KW_Buron.693634_TMYx.2009-2023.epw
충청북도 단양군,4380000000,Suburbs,36.99450838,128.3878864,영월 기상대,WS,37.1814,128.4575,KOR_KW_Yeongwol.WS.471210_TMYx.2009-2023.epw
충청북도 증평군,4374500000,Suburbs,36.78649088,127.6046051,청주 국제공항,AP,36.7167,127.5,KOR_HB_Cheongju.Intl.AP.471280_TMYx.2009-2023.epw
충청남도 천안시 동남구,4413100000,Suburbs,36.76412119,127.2209811,천안,일반 지역,36.7625,127.2928,KOR_HN_Cheonan.471450_TMYx.2009-2023.epw
충청남도 천안시 서북구,4413300000,Suburbs,36.89270209,127.1618087,평택 공항,AP,36.967,127.033,KOR_KG_Pyeongtaek.AP.471270_TMYx.2009-2023.epw
충청남도 공주시,4415000000,Suburbs,36.47990723,127.0751463,공주,일반 지역,36.5,127.2,KOR_HN_Gongju.692214_TMYx.2009-2023.epw
충청남도 보령시,4418000000,Suburbs,36.33984434,126.5904864,보령,일반 지역,36.3272,126.5575,KOR_HN_Boryeong.471500_TMYx.2009-2023.epw
충청남도 아산시,4420000000,Suburbs,36.80737834,126.9800527,평택 공항,AP,36.967,127.033,KOR_KG_Pyeongtaek.AP.471270_TMYx.2009-2023.epw
충청남도 서산시,4421000000,Suburbs,36.78499389,126.4630636,서산 기상대,WS,36.7767,126.4939,KOR_HN_Seosan.WS.471290_TMYx.2009-2023.epw
충청남도 논산시,4423000000,Suburbs,36.19090512,127.1577066,대전 기상대,WS,36.3719,127.3722,KOR_TJ_Daejeon.WS.471330_TMYx.2009-2023.epw
충청남도 계룡시,4425000000,Suburbs,36.29160356,127.2344202,대전 기상대,WS,36.3719,127.3722,KOR_TJ_Daejeon.WS.471330_TMYx.2009-2023.epw
충청남도 당진시,4427000000,Suburbs,36.90450845,126.6521473,서산 기상대,WS,36.7767,126.4939,KOR_HN_Seosan.WS.471290_TMYx.2009-2023.epw
충청남도 금산군,4471000000,Suburbs,36.11903031,127.4782928,금산,일반 지역,36.1052,127.4828,KOR_HN_Geumsan.692244_TMYx.2009-2023.epw
충청남도 부여군,4476000000,Suburbs,36.24640057,126.8569418,군산,일반 지역,36.0053,126.7614,KOR_CB_Gunsan.471400_TMYx.2009-2023.epw
충청남도 서천군,4477000000,Suburbs,36.10676872,126.7035299,군산,일반 지역,36.0053,126.7614,KOR_CB_Gunsan.471400_TMYx.2009-2023.epw
충청남도 청양군,4479000000,Suburbs,36.43059188,126.8530857,보령,일반 지역,36.3272,126.5575,KOR_HN_Boryeong.471500_TMYx.2009-2023.epw
충청남도 홍성군,4480000000,Suburbs,36.57007094,126.6257146,서산 기상대,WS,36.7767,126.4939,KOR_HN_Seosan.WS.471290_TMYx.2009-2023.epw
충청남도 예산군,4481000000,Suburbs,36.670634,126.7842702,서산 기상대,WS,36.7767,126.4939,KOR_HN_Seosan.WS.471290_TMYx.2009-2023.epw
충청남도 태안군,4482500000,Suburbs,36.70744515,126.2792943,서산 기상대,WS,36.7767,126.4939,KOR_HN_Seosan.WS.471290_TMYx.2009-2023.epw
전북특별자치도 전주시 완산구,5211100000,Suburbs,35.79125157,127.1207703,전주,일반 지역,35.8408,127.1172,KOR_CB_Jeonju.471460_TMYx.2009-2023.epw
전북특별자치도 전주시 덕진구,5211300000,Suburbs,35.85831602,127.1117346,전주,일반 지역,35.8408,127.1172,KOR_CB_Jeonju.471460_TMYx.2009-2023.epw
전북특별자치도 군산시,5213000000,Suburbs,35.94904159,126.7163692,군산,일반 지역,36.0053,126.7614,KOR_CB_Gunsan.471400_TMYx.2009-2023.epw
전북특별자치도 익산시,5214000000,Suburbs,36.02314387,126.9895037,전주,일반 지역,35.8408,127.1172,KOR_CB_Jeonju.471460_TMYx.2009-2023.epw
전북특별자치도 정읍시,5218000000,Suburbs,35.60264198,126.9058667,정읍,일반 지역,35.563,126.8392,KOR_CB_Jeongeup.471710_TMYx.2009-2023.epw
전북특별자치도 남원시,5219000000,Suburbs,35.42253518,127.4419358,남원,일반 지역,35.4214,127.3964,KOR_CB_Namwon.471730_TMYx.2009-2023.epw
전북특별자치도 김제시,5221000000,Suburbs,35.80669837,126.8945908,전주,일반 지역,35.8408,127.1172,KOR_CB_Jeonju.471460_TMYx.2009-2023.epw
전북특별자치도 완주군,5271000000,Suburbs,35.91873112,127.2152166,전주,일반 지역,35.8408,127.1172,KOR_CB_Jeonju.471460_TMYx.2009-2023.epw
전북특별자치도 진안군,5272000000,Suburbs,35.82888269,127.4300775,금산,일반 지역,36.1052,127.4828,KOR_HN_Geumsan.692244_TMYx.2009-2023.epw
전북특별자치도 무주군,5273000000,Suburbs,35.9393772,127.7129494,금산,일반 지역,36.1052,127.4828,KOR_HN_Geumsan.692244_TMYx.2009-2023.epw
전북특별자치도 장수군,5274000000,Suburbs,35.65753205,127.5443288,남원,일반 지역,35.4214,127.3964,KOR_CB_Namwon.471730_TMYx.2009-2023.epw
전북특별자치도 임실군,5275000000,Suburbs,35.59823388,127.2366513,남원,일반 지역,35.4214,127.3964,KOR_CB_Namwon.471730_TMYx.2009-2023.epw
전북특별자치도 순창군,5277000000,Suburbs,35.4336245,127.0900407,정읍,일반 지역,35.563,126.8392,KOR_CB_Jeongeup.471710_TMYx.2009-2023.epw
전북특별자치도 고창군,5279000000,Suburbs,35.44899538,126.615778,고창,일반 지역,35.3489,126.5989,KOR_CB_Gochang.471720_TMYx.2009-2023.epw
전북특별자치도 부안군,5280000000,Suburbs,35.68499979,126.6398342,정읍,일반 지역,35.563,126.8392,KOR_CB_Jeongeup.471710_TMYx.2009-2023.epw
전라남도 목포시,4611000000,Suburbs,34.80258657,126.3901654,목포,일반 지역,34.8169,126.3811,KOR_CN_Mokpo.471650_TMYx.2009-2023.epw
전라남도 여수시,4613000000,Suburbs,34.69760231,127.652286,여수 관측소,Obs,34.7392,127.7406,KOR_CN_Yeosu.Obs.471680_TMYx.2009-2023.epw
전라남도 순천시,4615000000,Suburbs,34.99455053,127.3894157,순천 기상대,WS,35.0203,127.3694,KOR_CN_Suncheon.WS.471740_TMYx.2009-2023.epw
전라남도 나주시,4617000000,Suburbs,34.98859316,126.7204162,광주,일반 지역,35.1731,126.8917,KOR_KJ_Gwangju.471560_TMYx.2009-2023.epw
전라남도 광양시,4623000000,Suburbs,35.01894664,127.6560319,여수 공항,AP,34.8333,127.6167,KOR_CN_Yeosu.AP.471670_TMYx.2009-2023.epw
전라남도 담양군,4671000000,Suburbs,35.29155035,126.995261,광주,일반 지역,35.1731,126.8917,KOR_KJ_Gwangju.471560_TMYx.2009-2023.epw
전라남도 곡성군,4672000000,Suburbs,35.2166348,127.2635425,순천 기상대,WS,35.0203,127.3694,KOR_CN_Suncheon.WS.471740_TMYx.2009-2023.epw
전라남도 구례군,4673000000,Suburbs,35.23679738,127.5030878,남원,일반 지역,35.4214,127.3964,KOR_CB_Namwon.471730_TMYx.2009-2023.epw
전라남도 고흥군,4677000000,Suburbs,34.59818776,127.3147711,여수 공항,AP,34.8333,127.6167,KOR_CN_Yeosu.AP.471670_TMYx.2009-2023.epw
전라남도 보성군,4678000000,Suburbs,34.81424312,127.1625521,순천 기상대,WS,35.0203,127.3694,KOR_CN_Suncheon.WS.471740_TMYx.2009-2023.epw
전라남도 화순군,4679000000,Suburbs,35.00825382,127.0335393,광주,일반 지역,35.1731,126.8917,KOR_KJ_Gwangju.471560_TMYx.2009-2023.epw
전라남도 장흥군,4680000000,Suburbs,34.67514244,126.9220299,완도 기상대,WS,34.3958,126.7019,KOR_CN_Wando.WS.471700_TMYx.2009-2023.epw
전라남도 강진군,4681000000,Suburbs,34.62018804,126.7721882,완도 기상대,WS,34.3958,126.7019,KOR_CN_Wando.WS.471700_TMYx.2009-2023.epw
전라남도 해남군,4682000000,Suburbs,34.55843128,126.5113498,진도 기상대,WS,34.4722,126.3239,KOR_CN_Jindo.WS.471750_TMYx.2009-2023.epw
전라남도 영암군,4683000000,Suburbs,34.79602357,126.623633,목포,일반 지역,34.8169,126.3811,KOR_CN_Mokpo.471650_TMYx.2009-2023.epw
전라남도 무안군,4684000000,Suburbs,34.95397461,126.4249891,무안 국제공항,AP,34.9833,126.3833,KOR_CN_Muan.Intl.AP.471630_TMYx.2009-2023.epw
전라남도 함평군,4686000000,Suburbs,35.11269015,126.5354743,무안 국제공항,AP,34.9833,126.3833,KOR_CN_Muan.Intl.AP.471630_TMYx.2009-2023.epw
전라남도 영광군,4687000000,Suburbs,35.27891756,126.4504832,고창,일반 지역,35.3489,126.5989,KOR_CB_Gochang.471720_TMYx.2009-2023.epw
전라남도 장성군,4688000000,Suburbs,35.32960549,126.7686274,고창,일반 지역,35.3489,126.5989,KOR_CB_Gochang.471720_TMYx.2009-2023.epw
전라남도 완도군,4689000000,Suburbs,34.29455674,126.7778752,완도 기상대,WS,34.3958,126.7019,KOR_CN_Wando.WS.471700_TMYx.2009-2023.epw
전라남도 진도군,4690000000,Suburbs,34.43698067,126.2117002,진도 기상대,WS,34.4722,126.3239,KOR_CN_Jindo.WS.471750_TMYx.2009-2023.epw
전라남도 신안군,4691000000,Suburbs,34.81022642,126.0433303,목포,일반 지역,34.8169,126.3811,KOR_CN_Mokpo.471650_TMYx.2009-2023.epw
경상북도 포항시 남구,4711100000,Suburbs,35.95849118,129.4379359,포항 기상대,WS,36.0319,129.38,KOR_KB_Pohang.WS.471380_TMYx.2009-2023.epw
경상북도 포항시 북구,4711300000,Suburbs,36.16501903,129.2344972,포항 기상대,WS,36.0319,129.38,KOR_KB_Pohang.WS.471380_TMYx.2009-2023.epw
경상북도 경주시,4713000000,Suburbs,35.82658524,129.2361242,포항 기상대,WS,36.0319,129.38,KOR_KB_Pohang.WS.471380_TMYx.2009-2023.epw
경상북도 김천시,4715000000,Suburbs,36.06051569,128.0778447,추풍령,일반 지역,36.2203,127.9944,KOR_HB_Chupungnyeong.471350_TMYx.2009-2023.epw
경상북도 안동시,4717000000,Suburbs,36.58030016,128.7800385,안동 기상대,WS,36.5731,128.7072,KOR_KB_Andong.WS.471360_TMYx.2009-2023.epw
경상북도 구미시,4719000000,Suburbs,36.20734624,128.3554616,구미,일반 지역,36.1306,128.3206,KOR_KB_Gumi.471540_TMYx.2009-2023.epw
경상북도 영주시,4721000000,Suburbs,36.87055733,128.5976489,안동 기상대,WS,36.5731,128.7072,KOR_KB_Andong.WS.471360_TMYx.2009-2023.epw
경상북도 영천시,4723000000,Suburbs,36.01581651,128.942609,대구,일반 지역,35.8283,128.6522,KOR_TG_Daegu.471430_TMYx.2009-2023.epw
경상북도 상주시,4725000000,Suburbs,36.42958135,128.0669636,상주 기상대,WS,36.4083,128.1575,KOR_KB_Sangju.WS.471370_TMYx.2009-2023.epw
경상북도 문경시,4728000000,Suburbs,36.69080804,128.1486967,예천 공항,AP,36.632,128.355,KOR_KB_Yecheon.AP.471340_TMYx.2009-2023.epw
경상북도 경산시,4729000000,Suburbs,35.83410488,128.8090552,대구,일반 지역,35.8283,128.6522,KOR_TG_Daegu.471430_TMYx.2009-2023.epw
경상북도 의성군,4773000000,Suburbs,36.36201121,128.6149116,안동 기상대,WS,36.5731,128.7072,KOR_KB_Andong.WS.471360_TMYx.2009-2023.epw
경상북도 청송군,4775000000,Suburbs,36.35706875,129.0574328,안동 기상대,WS,36.5731,128.7072,KOR_KB_Andong.WS.471360_TMYx.2009-2023.epw
경상북도 영양군,4776000000,Suburbs,36.69647583,129.145058,울진 기상대,WS,36.9917,129.4128,KOR_KB_Uljin.WS.471300_TMYx.2009-2023.epw
경상북도 영덕군,4777000000,Suburbs,36.48248737,129.3176569,포항 기상대,WS,36.0319,129.38,KOR_KB_Pohang.WS.471380_TMYx.2009-2023.epw
경상북도 청도군,4782000000,Suburbs,35.6729257,128.786579,청도,일반 지역,35.65,128.75,KOR_KB_Cheongdo.693414_TMYx.2009-2023.epw
경상북도 고령군,4783000000,Suburbs,35.73721049,128.3067461,대구,일반 지역,35.8283,128.6522,KOR_TG_Daegu.471430_TMYx.2009-2023.epw
경상북도 성주군,4784000000,Suburbs,35.90724773,128.233394,구미,일반 지역,36.1306,128.3206,KOR_KB_Gumi.471540_TMYx.2009-2023.epw
경상북도 칠곡군,4785000000,Suburbs,36.01552432,128.4625626,구미,일반 지역,36.1306,128.3206,KOR_KB_Gumi.471540_TMYx.2009-2023.epw
경상북도 예천군,4790000000,Suburbs,36.65390959,128.4224644,예천 공항,AP,36.632,128.355,KOR_KB_Yecheon.AP.471340_TMYx.2009-2023.epw
경상북도 봉화군,4792000000,Suburbs,36.93417003,128.9129606,태백 도립공원,일반 지역,37.1212,128.9079,KOR_KW_Taebaek.Provincial.Park.471223_TMYx.2009-2023.epw
경상북도 울진군,4793000000,Suburbs,36.90407259,129.3125277,울진 기상대,WS,36.9917,129.4128,KOR_KB_Uljin.WS.471300_TMYx.2009-2023.epw
경상북도 울릉군,4794000000,Suburbs,37.50178509,130.8639269,울릉도 기상대,WS,37.4814,130.8986,KOR_KB_Ulleungdo.WS.471150_TMYx.2009-2023.epw
경상남도 진주시,4817000000,Suburbs,35.20514832,128.1297629,진주 기상대,WS,35.1639,128.04,KOR_KN_Jinju.WS.471920_TMYx.2009-2023.epw
경상남도 통영시,4822000000,Suburbs,34.82566648,128.3742577,통영 기상대,WS,34.8456,128.4356,KOR_KN_Tongyeong.WS.471620_TMYx.2009-2023.epw
경상남도 사천시,4824000000,Suburbs,35.04921157,128.0374013,사천 공군기지,AB,35.089,128.07,KOR_KN_Sacheon.AB.471610_TMYx.2009-2023.epw
경상남도 김해시,4825000000,Suburbs,35.27216911,128.8452251,부산 김해 국제공항,AP,35.18,128.938,KOR_PU_Busan-Gimhae.Intl.AP.471530_TMYx.2009-2023.epw
경상남도 밀양시,4827000000,Suburbs,35.49850043,128.7896423,청도,일반 지역,35.65,128.75,KOR_KB_Cheongdo.693414_TMYx.2009-2023.epw
경상남도 거제시,4831000000,Suburbs,34.87033461,128.6233562,통영 기상대,WS,34.8456,128.4356,KOR_KN_Tongyeong.WS.471620_TMYx.2009-2023.epw
경상남도 양산시,4833000000,Suburbs,35.40190625,129.0410428,부산 김해 국제공항,AP,35.18,128.938,KOR_PU_Busan-Gimhae.Intl.AP.471530_TMYx.2009-2023.epw
경상남도 창원시 의창구,4812100000,Suburbs,35.31174385,128.6489935,창원,일반 지역,35.1703,128.5728,KOR_KN_Changwon.471550_TMYx.2009-2023.epw
경상남도 창원시 성산구,4812300000,Suburbs,35.19884895,128.6714968,창원,일반 지역,35.1703,128.5728,KOR_KN_Changwon.471550_TMYx.2009-2023.epw
경상남도 창원시 마산합포구,4812500000,Suburbs,35.13556022,128.4861304,창원,일반 지역,35.1703,128.5728,KOR_KN_Changwon.471550_TMYx.2009-2023.epw
경상남도 창원시 마산회원구,4812700000,Suburbs,35.23222498,128.5364443,창원,일반 지역,35.1703,128.5728,KOR_KN_Changwon.471550_TMYx.2009-2023.epw
경상남도 창원시 진해구,4812900000,Suburbs,35.12812586,128.7368788,창원,일반 지역,35.1703,128.5728,KOR_KN_Changwon.471550_TMYx.2009-2023.epw
경상남도 의령군,4872000000,Suburbs,35.39245629,128.2771012,진주 기상대,WS,35.1639,128.04,KOR_KN_Jinju.WS.471920_TMYx.2009-2023.epw
경상남도 함안군,4873000000,Suburbs,35.29101227,128.4309051,창원,일반 지역,35.1703,128.5728,KOR_KN_Changwon.471550_TMYx.2009-2023.epw
경상남도 창녕군,4874000000,Suburbs,35.50836217,128.4929286,청도,일반 지역,35.65,128.75,KOR_KB_Cheongdo.693414_TMYx.2009-2023.epw
경상남도 고성군,4882000000,Suburbs,35.01590606,128.2905475,통영 기상대,WS,34.8456,128.4356,KOR_KN_Tongyeong.WS.471620_TMYx.2009-2023.epw
경상남도 남해군,4884000000,Suburbs,34.81815355,127.9415363,여수 관측소,Obs,34.7392,127.7406,KOR_CN_Yeosu.Obs.471680_TMYx.2009-2023.epw
경상남도 하동군,4885000000,Suburbs,35.13744731,127.7792058,진주 기상대,WS,35.1639,128.04,KOR_KN_Jinju.WS.471920_TMYx.2009-2023.epw
경상남도 산청군,4886000000,Suburbs,35.3686381,127.8843625,진주 기상대,WS,35.1639,128.04,KOR_KN_Jinju.WS.471920_TMYx.2009-2023.epw
경상남도 함양군,4887000000,Suburbs,35.55172753,127.7220746,거창 기상대,WS,35.6674,127.91,KOR_KN_Geochang.WS.471570_TMYx.2009-2023.epw
경상남도 거창군,4888000000,Suburbs,35.73261343,127.9041316,거창 기상대,WS,35.6674,127.91,KOR_KN_Geochang.WS.471570_TMYx.2009-2023.epw
경상남도 합천군,4889000000,Suburbs,35.57665921,128.1415512,거창 기상대,WS,35.6674,127.91,KOR_KN_Geochang.WS.471570_TMYx.2009-2023.epw
제주특별자치도 제주시,5011000000,Suburbs,33.44306799,126.5293192,제주 기상대,WS,33.5142,126.5297,KOR_CJ_Jeju.WS.471840_TMYx.2009-2023.epw
제주특별자치도 서귀포시,5013000000,Suburbs,33.32431486,126.5811762,서귀포,일반 지역,33.2461,126.5653,KOR_CJ_Seogwipo.471890_TMYx.2009-2023.epw
